Country,value
CHN,100
USA,3.96623
RUS,2.27193
IND,2.1002
NLD,1.55299
TZA,1.08833
TUR,0.968281
UKR,0.908098
DEU,0.81231
FRA,0.710325